Company Name,Industry,Symbol,Series,ISIN Code
AXISCADES Technologies Ltd.,Capital Goods,AXISCADES,EQ,INE555B01013
Aarti Pharmalabs Ltd.,Healthcare,AARTIPHARM,EQ,INE0LRU01027
Aditya Birla Fashion and Retail Ltd.,Consumer Services,ABFRL,EQ,INE647O01011
Aditya Birla Lifestyle Brands Ltd.,Consumer Services,ABLBL,EQ,INE14LE01019
Aditya Vision Ltd.,Consumer Services,AVL,EQ,INE679V01027
Advanced Enzyme Tech Ltd.,Healthcare,ADVENZYMES,EQ,INE837H01020
Aequs Ltd.,Capital Goods,AEQUS,EQ,INE947N01017
Aeroflex Industries Ltd.,Capital Goods,AEROFLEX,EQ,INE024001021
Akums Drugs and Pharmaceuticals Ltd.,Healthcare,AKUMS,EQ,INE09XN01023
Alkyl Amines Chemicals Ltd.,Chemicals,ALKYLAMINE,EQ,INE150B01039
Amagi Media Labs Ltd.,Information Technology,AMAGI,EQ,INE121R01077
Apollo Micro Systems Ltd.,Capital Goods,APOLLO,EQ,INE713T01028
Archean Chemical Industries Ltd.,Chemicals,ACI,EQ,INE128X01021
Arvind Fashions Ltd.,Consumer Services,ARVINDFASN,EQ,INE955V01021
Arvind Ltd.,Textiles,ARVIND,EQ,INE034A01011
Ashapura Minechem Ltd.,Metals & Mining,ASHAPURMIN,EQ,INE348A01023
Ashoka Buildcon Ltd.,Construction,ASHOKA,EQ,INE442H01029
Astra Microwave Products Ltd.,Capital Goods,ASTRAMICRO,EQ,INE386C01029
Atlanta Electricals Ltd.,Capital Goods,ATLANTAELE,EQ,INE0Z4F01028
Aurionpro Solution Ltd.,Information Technology,AURIONPRO,EQ,INE132H01018
Avalon Technologies Ltd.,Capital Goods,AVALON,EQ,INE0LCL01028
AvenuesAI Ltd.,Financial Services,CCAVENUE,EQ,INE483S01020
Bajaj Consumer Care Ltd.,Fast Moving Consumer Goods,BAJAJCON,EQ,INE933K01021
Balaji Amines Ltd.,Chemicals,BALAMINES,EQ,INE050E01027
Balu Forge Industries Ltd.,Capital Goods,BALUFORGE,EQ,INE011E01029
Banco Products (India) Ltd.,Automobile and Auto Components,BANCOINDIA,EQ,INE213C01025
Birla Corporation Ltd.,Construction Materials,BIRLACORPN,EQ,INE340A01012
Blackbuck Ltd.,Services,BLACKBUCK,EQ,INE0UIZ01018
Blue Jet Healthcare Ltd.,Healthcare,BLUEJET,EQ,INE0KBH01020
BlueStone Jewellery and Lifestyle Ltd.,Consumer Durables,BLUESTONE,EQ,INE304W01038
Borosil Renewables Ltd.,Capital Goods,BORORENEW,EQ,INE666D01022
C.E. Info Systems Ltd.,Information Technology,MAPMYINDIA,EQ,INE0BV301023
CMR Green Technologies Ltd.,Capital Goods,CMRGREEN,EQ,INE00WV01027
CMS Info Systems Ltd.,Services,CMSINFO,EQ,INE925R01014
CSB Bank Ltd.,Financial Services,CSBBANK,EQ,INE679A01013
Campus Activewear Ltd.,Consumer Durables,CAMPUS,EQ,INE278Y01022
Canara Robeco Asset Management Company Ltd.,Financial Services,CRAMC,EQ,INE218I01013
Capillary Technologies India Ltd.,Information Technology,CAPILLARY,EQ,INE0ILV01024
Ceigall India Ltd.,Construction,CEIGALL,EQ,INE0AG901020
Cello World Ltd.,Consumer Durables,CELLO,EQ,INE0LMW01024
Centum Electronics Ltd.,Capital Goods,CENTUM,EQ,INE320B01020
Cera Sanitaryware Ltd,Consumer Durables,CERA,EQ,INE739E01017
Chalet Hotels Ltd.,Consumer Services,CHALET,EQ,INE427F01016
DCB Bank Ltd.,Financial Services,DCBBANK,EQ,INE503A01015
Datamatics Global Services Ltd.,Information Technology,DATAMATICS,EQ,INE365B01017
Diamond Power Infrastructure Ltd.,Capital Goods,DIACABS,BE,INE989C01038
Dilip Buildcon Ltd.,Construction,DBL,EQ,INE917M01012
Dummy India Glycols ltd. 1,Healthcare,DUMMYINGL1,EQ,DU1560A01023
Dummy India Glycols ltd. 2,Fast Moving Consumer Goods,DUMMYINGL2,EQ,DU2560A01023
Dummy Inox Green Ltd.,Construction,DUMMYINXGN,EQ,DUM510W01014
Dummy Triveni Ltd.,Capital Goods,DUMMYTRVN,EQ,DUM256C01024
Dynamatic Technologies Ltd.,Capital Goods,DYNAMATECH,EQ,INE221B01012
E2E NETWORKS Ltd.,Information Technology,E2E,BE,INE255Z01027
EPL Ltd.,Capital Goods,EPL,EQ,INE255A01020
Edelweiss Financial Services Ltd.,Financial Services,EDELWEISS,EQ,INE532F01054
Electronics Mart India Ltd.,Consumer Services,EMIL,EQ,INE02YR01019
Electrosteel Castings Ltd.,Capital Goods,ELECTCAST,EQ,INE086A01029
Ellenbarrie Industrial Gases Ltd.,Chemicals,ELLEN,EQ,INE236E01022
Embassy Developments Ltd.,Realty,EMBDL,EQ,INE069I01010
Entero Healthcare Solutions Ltd.,Consumer Services,ENTERO,EQ,INE010601016
Enviro Infra Engineers Ltd.,Utilities,EIEL,EQ,INE0LLY01014
Equitas Small Finance Bank Ltd.,Financial Services,EQUITASBNK,EQ,INE063P01018
Eris Lifesciences Ltd.,Healthcare,ERIS,EQ,INE406M01024
Fedbank Financial Services Ltd.,Financial Services,FEDFINA,EQ,INE007N01010
Fiem Industries Ltd,Automobile and Auto Components,FIEMIND,EQ,INE737H01014
Finolex Industries Ltd.,Capital Goods,FINPIPE,EQ,INE183A01024
Fujiyama Power Systems Ltd.,Capital Goods,UTLSOLAR,EQ,INE12UR01024
GMR Power and Urban Infra Ltd.,Power,GMRP&UI,EQ,INE0CU601026
GNG Electronics Ltd.,Information Technology,EBGNG,EQ,INE18JU01028
Garware Hi-Tech Films Ltd.,Capital Goods,GRWRHITECH,EQ,INE291A01017
Genus Power Infrastructures Ltd.,Capital Goods,GENUSPOWER,EQ,INE955D01029
Godrej Agrovet Ltd.,Fast Moving Consumer Goods,GODREJAGRO,EQ,INE850D01014
Gokaldas Exports Ltd.,Textiles,GOKEX,EQ,INE887G01027
Gokul Agro Resources Ltd.,Fast Moving Consumer Goods,GOKULAGRO,EQ,INE314T01033
Goldiam International Ltd.,Consumer Durables,GOLDIAM,EQ,INE025B01025
Greaves Cotton Ltd.,Capital Goods,GREAVESCOT,EQ,INE224A01026
Grindwell Norton Ltd.,Capital Goods,GRINDWELL,EQ,INE536A01023
Gujarat Alkalies & Chemicals Ltd.,Chemicals,GUJALKALI,EQ,INE186A01019
Gujarat Ambuja Exports Ltd.,Fast Moving Consumer Goods,GAEL,EQ,INE036B01030
Gujarat Narmada Valley Fertilizers and Chemicals Ltd.,Chemicals,GNFC,EQ,INE113A01013
Gujarat Pipavav Port Ltd.,Services,GPPL,EQ,INE517F01014
Gujarat State Fertilizers & Chemicals Ltd.,Chemicals,GSFC,EQ,INE026A01025
H.G. Infra Engineering Ltd.,Construction,HGINFRA,EQ,INE926X01010
Happiest Minds Technologies Ltd.,Information Technology,HAPPSTMNDS,EQ,INE419U01012
Happy Forgings Ltd.,Capital Goods,HAPPYFORGE,EQ,INE330T01021
Healthcare Global Enterprises Ltd.,Healthcare,HCG,EQ,INE075I01017
Heritage Foods Ltd.,Fast Moving Consumer Goods,HERITGFOOD,EQ,INE978A01027
Hindustan Construction Co. Ltd.,Construction,HCC,EQ,INE549A01026
IFB Industries Ltd.,Consumer Durables,IFBIND,EQ,INE559A01017
IIFL Capital Services Ltd.,Financial Services,IIFLCAPS,EQ,INE489L01022
Indegene Ltd.,Healthcare,INDGN,EQ,INE065X01017
India Glycols Ltd.,Fast Moving Consumer Goods,INDIAGLYCO,EQ,INE560A01023
Indian Metals & Ferro Alloys Ltd.,Metals & Mining,IMFA,EQ,INE919H01018
Indigo Paints Ltd.,Consumer Durables,INDIGOPNTS,EQ,INE09VQ01012
Indo Count Industries Ltd.,Textiles,ICIL,EQ,INE483B01026
Ion Exchange (India) Ltd.,Utilities,IONEXCHANG,EQ,INE570A01022
JAI BALAJI INDUSTRIES Ltd.,Metals & Mining,JAIBALAJI,EQ,INE091G01026
JK Paper Ltd.,Forest Materials,JKPAPER,EQ,INE789E01012
Jamna Auto Industries Ltd.,Automobile and Auto Components,JAMNAAUTO,EQ,INE039C01032
Jana Small Finance Bank Ltd.,Financial Services,JSFB,EQ,INE953L01027
Jayaswal Neco Industries Ltd.,Capital Goods,JAYNECOIND,EQ,INE854B01010
Jeena Sikho Lifecare Ltd.,Consumer Services,JSLL,EQ,INE0J5801029
Jubilant Pharmova Ltd.,Healthcare,JUBLPHARMA,EQ,INE700A01033
Justdial Ltd.,Consumer Services,JUSTDIAL,EQ,INE599M01018
Jyothy Labs Ltd.,Fast Moving Consumer Goods,JYOTHYLAB,EQ,INE668F01031
KNR Constructions Ltd.,Construction,KNRCON,EQ,INE634I01029
KPI Green Energy Ltd.,Power,KPIGREEN,EQ,INE542W01025
KRBL Ltd.,Fast Moving Consumer Goods,KRBL,EQ,INE001B01026
KRN HEAT EXCHANGER AND REFRIGERATION Ltd.,Capital Goods,KRN,EQ,INE0Q3J01015
Kansai Nerolac Paints Ltd.,Consumer Durables,KANSAINER,EQ,INE531A01024
Karnataka Bank Ltd.,Financial Services,KTKBANK,EQ,INE614B01018
Kaveri Seed Company Ltd.,Fast Moving Consumer Goods,KSCL,EQ,INE455I01029
Kirloskar Pneumatic Company Ltd.,Capital Goods,KIRLPNU,EQ,INE811A01038
Kitex Garments Ltd.,Textiles,KITEX,EQ,INE602G01020
Knowledge Marine & Engineering Works Ltd.,Services,KMEW,EQ,INE0CJD01029
Kwality Wall's (India) Ltd.,Fast Moving Consumer Goods,KWIL,EQ,INE2KCE01013
Latent View Analytics Ltd.,Information Technology,LATENTVIEW,EQ,INE0I7C01011
Laxmi Organic Industries Ltd.,Chemicals,LXCHEM,EQ,INE576O01020
Le Travenues Technology Ltd.,Consumer Services,IXIGO,EQ,INE0HV901016
Leela Palaces Hotels & Resorts Ltd.,Consumer Services,THELEELA,EQ,INE0AQ201015
Lloyds Engineering Works Ltd.,Capital Goods,LLOYDSENGG,EQ,INE093R01011
Lloyds Enterprises Ltd.,Metals & Mining,LLOYDSENT,EQ,INE080I01025
Lumax Auto Technologies Ltd.,Automobile and Auto Components,LUMAXTECH,EQ,INE872H01027
Lumax Industries Ltd.,Automobile and Auto Components,LUMAXIND,EQ,INE162B01018
MOIL Ltd.,Metals & Mining,MOIL,EQ,INE490G01020
MSTC Ltd.,Services,MSTCLTD,EQ,INE255X01014
Madhya Bharat Agro Products Ltd.,Chemicals,MBAPL,EQ,INE900L01028
Manorama Industries Ltd.,Fast Moving Consumer Goods,MANORAMA,EQ,INE00VM01036
Marksans Pharma Ltd.,Healthcare,MARKSANS,EQ,INE750C01026
Mastek Ltd.,Information Technology,MASTEK,EQ,INE759A01021
Medplus Health Services Ltd.,Consumer Services,MEDPLUS,EQ,INE804L01022
Metropolis Healthcare Ltd.,Healthcare,METROPOLIS,EQ,INE112L01020
Mishra Dhatu Nigam Ltd.,Capital Goods,MIDHANI,EQ,INE099Z01011
Mrs. Bectors Food Specialities Ltd.,Fast Moving Consumer Goods,BECTORFOOD,EQ,INE495P01020
NEOGEN CHEMICALS LTD.,Chemicals,NEOGEN,EQ,INE136S01016
National Fertilizers Ltd.,Chemicals,NFL,EQ,INE870D01012
Nazara Technologies Ltd.,Media Entertainment & Publication,NAZARA,EQ,INE418L01047
Nephrocare Health Services Ltd.,Healthcare,NEPHROPLUS,EQ,INE428V01029
Network18 Media & Investments Ltd.,Media Entertainment & Publication,NETWORK18,EQ,INE870H01013
Newgen Software Technologies Ltd.,Information Technology,NEWGEN,EQ,INE619B01017
Niva Bupa Health Insurance Company Ltd.,Financial Services,NIVABUPA,EQ,INE995S01015
Northern Arc Capital Ltd.,Financial Services,NORTHARC,EQ,INE850M01015
Omnitech Engineering Ltd.,Capital Goods,OMNI,EQ,INE0UH301010
OnEMI Technology Solutions Ltd.,Financial Services,KISSHT,EQ,INE12F801023
Oswal Pumps Ltd.,Capital Goods,OSWALPUMPS,EQ,INE0BYP01024
P N Gadgil Jewellers Ltd.,Consumer Durables,PNGJL,EQ,INE953R01016
PC Jeweller Ltd.,Consumer Durables,PCJEWELLER,EQ,INE785M01021
PDS Ltd.,Textiles,PDSL,EQ,INE111Q01021
PNC Infratech Ltd.,Construction,PNCINFRA,EQ,INE195J01029
PTC India Ltd.,Power,PTC,EQ,INE877F01012
Paisalo Digital Ltd.,Financial Services,PAISALO,EQ,INE420C01059
Paras Defence and Space Technologies Ltd.,Capital Goods,PARAS,EQ,INE045601023
Park Medi World Ltd.,Healthcare,PARKHOSPS,EQ,INE119201023
Pearl Global Industries Ltd.,Textiles,PGIL,EQ,INE940H01022
Piccadily Agro Industries Ltd.,Fast Moving Consumer Goods,PICCADIL,EQ,INE546C01010
Power Mech Projects Ltd.,Construction,POWERMECH,EQ,INE211R01019
Powerica Ltd.,Capital Goods,POWERICA,EQ,INE921L01032
Praj Industries Ltd.,Capital Goods,PRAJIND,EQ,INE074A01025
Precision Wires India Ltd.,Capital Goods,PRECWIRE,EQ,INE372C01037
Pricol Ltd.,Automobile and Auto Components,PRICOLLTD,EQ,INE726V01018
Procter & Gamble Health Ltd.,Healthcare,PGHL,EQ,INE199A01012
Puravankara Ltd.,Realty,PURVA,EQ,INE323I01011
QUALITY POWER ELECTRICAL EQUIPMENTS Ltd.,Capital Goods,QPOWER,EQ,INE0SII01026
Quess Corp Ltd.,Services,QUESS,EQ,INE615P01015
Rain Industries Ltd,Chemicals,RAIN,EQ,INE855B01025
Rallis India Ltd.,Chemicals,RALLIS,EQ,INE613A01020
Rashtriya Chemicals & Fertilizers Ltd.,Chemicals,RCF,EQ,INE027A01015
Rategain Travel Technologies Ltd.,Information Technology,RATEGAIN,EQ,INE0CLI01024
Ratnamani Metals & Tubes Ltd.,Capital Goods,RATNAMANI,EQ,INE703B01027
RattanIndia Power Ltd.,Power,RTNPOWER,EQ,INE399K01017
Raymond Lifestyle Ltd.,Textiles,RAYMONDLSL,EQ,INE02ID01020
Refex Industries Ltd.,Utilities,REFEX,EQ,INE056I01025
Relaxo Footwears Ltd.,Consumer Durables,RELAXO,EQ,INE131B01039
Religare Enterprises Ltd.,Financial Services,RELIGARE,EQ,INE621H01010
Responsive Industries Ltd.,Consumer Durables,RESPONIND,EQ,INE688D01026
Restaurant Brands Asia Ltd.,Consumer Services,RBA,EQ,INE07T201019
Route Mobile Ltd.,Telecommunication,ROUTE,EQ,INE450U01017
S.J.S. Enterprises Ltd.,Automobile and Auto Components,SJS,EQ,INE284S01014
SBFC Finance Ltd.,Financial Services,SBFC,EQ,INE423Y01016
SEDEMAC Mechatronics Ltd.,Automobile and Auto Components,SEDEMAC,EQ,INE00XB01019
SG Mart Ltd.,Metals & Mining,SGMART,EQ,INE385F01024
SIGMA ADVANCED SYSTEMS LTD.,Capital Goods,SIGMAADV,BE,INE933B01012
SKY GOLD AND DIAMONDS Ltd.,Consumer Durables,SKYGOLD,EQ,INE01IU01018
SML Mahindra Ltd.,Capital Goods,SMLMAH,EQ,INE294B01019
SRI LOTUS DEVELOPERS AND REALTY Ltd.,Realty,LOTUSDEV,BE,INE0V9Q01010
Safari Industries (India) Ltd.,Consumer Durables,SAFARI,EQ,INE429E01023
Samhi Hotels Ltd.,Consumer Services,SAMHI,EQ,INE08U801020
Sandur Manganese & Iron Ores Ltd.,Metals & Mining,SANDUMA,EQ,INE149K01016
Sapphire Foods India Ltd.,Consumer Services,SAPPHIRE,EQ,INE806T01020
Saregama India Ltd,Media Entertainment & Publication,SAREGAMA,EQ,INE979A01025
Senco Gold Ltd.,Consumer Durables,SENCO,EQ,INE602W01027
Senores Pharmaceuticals Ltd.,Healthcare,SENORES,EQ,INE0RB801010
Shadowfax Technologies Ltd.,Services,SHADOWFAX,EQ,INE12UN01015
Shaily Engineering Plastics Ltd.,Consumer Durables,SHAILY,EQ,INE151G01028
Shakti Pumps (India) Ltd.,Capital Goods,SHAKTIPUMP,EQ,INE908D01010
Sharda Cropchem Ltd.,Chemicals,SHARDACROP,EQ,INE221J01015
Share India Securities Ltd.,Financial Services,SHAREINDIA,EQ,INE932X01026
Sheela Foam Ltd.,Consumer Durables,SFL,EQ,INE916U01025
Shilchar Technologies Ltd.,Capital Goods,SHILCTECH,EQ,INE024F01011
Shilpa Medicare Ltd.,Healthcare,SHILPAMED,EQ,INE790G01031
Shree Renuka Sugars Ltd.,Fast Moving Consumer Goods,RENUKA,EQ,INE087H01022
Shreeji Shipping Global Ltd.,Services,SHREEJISPG,EQ,INE1B6101010
Skipper Ltd.,Capital Goods,SKIPPER,EQ,INE439E01022
Sonata Software Ltd.,Information Technology,SONATSOFTW,EQ,INE269A01021
South Indian Bank Ltd.,Financial Services,SOUTHBANK,EQ,INE683A01023
Sterling and Wilson Renewable Energy Ltd.,Construction,SWSOLAR,EQ,INE00M201021
Strides Pharma Science Ltd.,Healthcare,STAR,EQ,INE939A01011
Stylam Industries Ltd.,Consumer Durables,STYLAMIND,EQ,INE239C01020
Subros Ltd.,Capital Goods,SUBROS,EQ,INE287B01021
Sudarshan Chemical Industries Ltd.,Chemicals,SUDARSCHEM,EQ,INE659A01023
Sudeep Pharma Ltd.,Chemicals,SUDEEPPHRM,EQ,INE0QPI01025
Sun Pharma Advanced Research Company Ltd.,Healthcare,SPARC,EQ,INE232I01014
Sundram Fasteners Ltd.,Automobile and Auto Components,SUNDRMFAST,EQ,INE387A01021
Sunflag Iron & Steel Company Ltd.,Capital Goods,SUNFLAG,EQ,INE947A01014
Sunteck Realty Ltd.,Realty,SUNTECK,EQ,INE805D01034
Supreme Petrochem Ltd.,Chemicals,SPLPETRO,EQ,INE663A01033
Supriya Lifescience Ltd.,Healthcare,SUPRIYA,EQ,INE07RO01027
Surya Roshni Ltd.,Capital Goods,SURYAROSNI,EQ,INE335A01020
Suven Life Sciences Ltd.,Healthcare,SUVEN,EQ,INE495B01038
TARC Ltd.,Realty,TARC,EQ,INE0EK901012
TTK Prestige Ltd.,Consumer Durables,TTKPRESTIG,EQ,INE690A01028
TVS Supply Chain Solutions Ltd.,Services,TVSSCS,EQ,INE395N01027
Tamilnad Mercantile Bank Ltd.,Financial Services,TMB,EQ,INE668A01016
Tanla Platforms Ltd.,Information Technology,TANLA,EQ,INE483C01032
Texmaco Rail & Eng. Ltd.,Capital Goods,TEXRAIL,EQ,INE621L01012
Thomas Cook (India) Ltd.,Consumer Services,THOMASCOOK,EQ,INE332A01027
Thyrocare Technologies Ltd.,Healthcare,THYROCARE,EQ,INE594H01019
Tilaknagar Industries Ltd.,Fast Moving Consumer Goods,TI,EQ,INE133E01013
Time Technoplast Ltd.,Capital Goods,TIMETECHNO,EQ,INE508G01029
Timex Group India Ltd.,Consumer Durables,TIMEX,EQ,INE064A01026
Tips Music Ltd.,Media Entertainment & Publication,TIPSMUSIC,EQ,INE716B01029
Transrail Lighting Ltd.,Capital Goods,TRANSRAILL,EQ,INE454P01035
Ujjivan Small Finance Bank Ltd.,Financial Services,UJJIVANSFB,EQ,INE551W01018
Unimech Aerospace and Manufacturing Ltd.,Capital Goods,UNIMECH,EQ,INE0U3I01011
V-Guard Industries Ltd.,Consumer Durables,VGUARD,EQ,INE951I01027
V-Mart Retail Ltd.,Consumer Services,VMART,EQ,INE665J01013
V.I.P. Industries Ltd.,Consumer Durables,VIPIND,EQ,INE054A01027
V2 Retail Ltd.,Consumer Services,V2RETAIL,EQ,INE945H01021
VALOR ESTATE Ltd.,Realty,DBREALTY,EQ,INE879I01012
Va Tech Wabag Ltd.,Utilities,WABAG,EQ,INE956G01038
Vaibhav Global Ltd.,Consumer Durables,VAIBHAVGBL,EQ,INE884A01027
Vedant Fashions Ltd.,Consumer Services,MANYAVAR,EQ,INE825V01034
Vesuvius India Ltd.,Capital Goods,VESUVIUS,EQ,INE386A01023
Vikram Solar Ltd.,Capital Goods,VIKRAMSOLR,EQ,INE078V01014
Viyash Scientific Ltd.,Healthcare,VIYASH,EQ,INE807F01027
Voltamp Transformers Ltd,Capital Goods,VOLTAMP,EQ,INE540H01012
Waaree Renewable Technologies Ltd.,Capital Goods,WAAREERTL,EQ,INE299N01021
Wakefit Innovations Ltd.,Consumer Durables,WAKEFIT,EQ,INE0E7301029
WeWork India Management Ltd.,Services,WEWORK,EQ,INE085001019
Websol Energy System Ltd.,Capital Goods,WEBELSOLAR,EQ,INE855C01023
Welspun Enterprises Ltd.,Construction,WELENT,EQ,INE625G01013
Westlife Foodworld Ltd.,Consumer Services,WESTLIFE,EQ,INE274F01020
Yatharth Hospital & Trauma Care Services Ltd.,Healthcare,YATHARTH,EQ,INE0JO301016
Zaggle Prepaid Ocean Services Ltd.,Information Technology,ZAGGLE,EQ,INE07K301024
